{
    "position": [
        -1658.36962890625,
        379.1683349609375,
        15220.412109375
    ],
    "rotation": [
        -1.091958777752629,
        174.59952469638898,
        1.569577694510791e-09
    ]
}