{
    "position": [
        -1.3688265085220337,
        22.03508186340332,
        -99.11821746826172
    ],
    "rotation": [
        18.404798492245607,
        -243.48848481605745,
        0.0
    ]
}