{
    "position": [
        73.36653137207031,
        106.79905700683594,
        0.9446622729301453
    ],
	"position_test": [
        0.0,
        500.0,
        0.0
    ],
    "rotation": [
        25.85329565951564,
        -91.36837626317686,
        0.0
    ]
}