{
    "p1_missiles_smoke_color": [
        0.5098038911819458,
        0.8904266953468323,
        1.0,
        0.3137255012989044
    ],
    "p2_missiles_smoke_color": [
        1.0,
        0.722998857498169,
        0.7019608020782471,
        0.3176470696926117
    ],
    "p1_gun_color": [
        1.0,
        0.9725490212440491,
        0.09019608050584793,
        1.0
    ],
    "p2_gun_color": [
        0.8823529481887817,
        0.5051903128623962,
        0.5673113465309143,
        1.0
    ],
    "radial_blur_strength": 0.5100000500679016,
    "deceleration_blur_strength": 0.02800000086426735,
    "acceleration_blur_strength": 0.35600000619888306
}