{
    "hue": 0.0,
    "saturation": 0.7500000596046448,
    "value": 1.0,
    "flag_MotionBlur": false,
    "mb_blur_radius": 27,
    "mb_exposure": 1.66100013256073,
    "mb_sample_count": 20
}