{
    "sunlight_color": [
        1.0,
        1.0,
        0.8313725590705872,
        1.0
    ],
    "skylight_color": [
        0.40392157435417175,
        0.615686297416687,
        0.5529412031173706,
        1.0
    ],
    "ambient_color": [
        0.32549020648002625,
        0.6235294342041016,
        0.800000011920929,
        1.0
    ],
    "ambient_intensity": 0.49000000953674316,
    "render_clouds": true
}