{
    "horizon_N_color": [
        0.5882353186607361,
        0.8980392217636108,
        1.0,
        1.0
    ],
    "horizon_S_color": [
        0.0,
        0.3686274588108063,
        0.9490196108818054,
        1.0
    ],
    "horizon_line_color": [
        0.7450980544090271,
        0.9137254953384399,
        1.0,
        1.0
    ],
    "zenith_color": [
        0.0,
        0.24705882370471954,
        0.6235294342041016,
        1.0
    ],
    "zenith_falloff": 4,
    "tex_sky_N_intensity": 1,
    "sea_color": [
        0.0007381776231341064,
        0.04028712585568428,
        0.0941176488995552,
        1.0
    ],
    "sea_reflection": 0.5750000476837158,
    "horizon_line_size": 41.800000000000026,
    "sea_scale": [
        317.0,
        42.99991989135742,
        444.0
    ],
    "sea_filtering": 1,
    "max_filter_samples": 4,
    "filter_precision": 32,
    "clouds_scale": [
        10000.0,
        0.11700000613927841,
        10000.0
    ],
    "clouds_altitude": 3098.55712890625,
    "clouds_absorption": 0.5450000166893005,
    "reflect_offset": 53.87200164794922,
    "render_scene_reflection": true
}